location,orientation,ac_scenario,case_name,Cooling,Fans,Heating,Interior Equipment,Interior Lighting,Total End Uses,hvac
Balikpapan,South,Bedroom_AC_Only,Baseline,464.83,30.82,0.0,2176.06,501.28,3173.0,495.65
Balikpapan,South,Bedroom_AC_Only,CeilingFan_1,70.96,4.62,0.0,2176.06,501.28,2752.92,75.58
Balikpapan,South,Bedroom_AC_Only,CeilingFan_2,12.46,0.8,0.0,2176.06,501.28,2690.6,13.260000000000002
Balikpapan,South,Bedroom_AC_Only,CeilingFan_NoSetback_1,464.83,30.82,0.0,2176.06,501.28,3173.0,495.65
Balikpapan,South,Bedroom_AC_Only,CeilingFan_NoSetback_2,464.83,30.82,0.0,2176.06,501.28,3173.0,495.65
Balikpapan,South,Bedroom_AC_Only,CoolRoof_1,436.07,28.89,0.0,2176.06,501.28,3142.31,464.96
Balikpapan,South,Bedroom_AC_Only,CoolRoof_2,398.12,26.35,0.0,2176.06,501.28,3101.81,424.47
Balikpapan,South,Bedroom_AC_Only,CoolWall_1,421.78,27.94,0.0,2176.06,501.28,3127.06,449.71999999999997
Balikpapan,South,Bedroom_AC_Only,CoolWall_2,366.2,24.22,0.0,2176.06,501.28,3067.76,390.41999999999996
Balikpapan,South,Bedroom_AC_Only,HybridNV_OperationSchd_1,448.39,29.71,0.0,2176.06,501.28,3155.44,478.09999999999997
Balikpapan,South,Bedroom_AC_Only,HybridNV_OperationSchd_2,448.39,29.71,0.0,2176.06,501.28,3155.44,478.09999999999997
Balikpapan,South,Bedroom_AC_Only,HybridNV_WindowOpen_1,434.08,28.73,0.0,2176.06,501.28,3140.15,462.81
Balikpapan,South,Bedroom_AC_Only,HybridNV_WindowOpen_2,434.03,28.73,0.0,2176.06,501.28,3140.1,462.76
Balikpapan,South,Bedroom_AC_Only,InsRoof_1,388.05,25.68,0.0,2176.06,501.28,3091.07,413.73
Balikpapan,South,Bedroom_AC_Only,InsRoof_2,366.02,24.2,0.0,2176.06,501.28,3067.56,390.21999999999997
Balikpapan,South,Bedroom_AC_Only,InsWall_1,412.45,27.31,0.0,2176.06,501.28,3117.1,439.76
Balikpapan,South,Bedroom_AC_Only,InsWall_2,412.45,27.31,0.0,2176.06,501.28,3117.1,439.76
Balikpapan,South,Bedroom_AC_Only,LowEWin_1,411.2,27.23,0.0,2176.06,501.28,3115.78,438.43
Balikpapan,South,Bedroom_AC_Only,LowEWin_2,404.37,26.78,0.0,2176.06,501.28,3108.48,431.15
Balikpapan,South,Bedroom_AC_Only,Overhang_1,444.62,29.47,0.0,2176.06,501.28,3151.44,474.09000000000003
Balikpapan,South,Bedroom_AC_Only,Shade_1,444.49,29.43,0.0,2176.06,501.28,3151.26,473.92
Balikpapan,South,Bedroom_AC_Only,Shade_2,400.14,26.48,0.0,2176.06,501.28,3103.97,426.62
Balikpapan,South,Bedroom_AC_Only,SolarWin_1,407.08,26.95,0.0,2176.06,501.28,3111.37,434.03
Balikpapan,South,Bedroom_AC_Only,SolarWin_2,381.14,25.22,0.0,2176.06,501.28,3083.7,406.36
Balikpapan,South,FullHouse_AC,Baseline,623.6,41.31,0.0,2176.06,501.28,3342.26,664.9100000000001
Balikpapan,South,FullHouse_AC,CeilingFan_1,97.37,6.34,0.0,2176.06,501.28,2781.05,103.71000000000001
Balikpapan,South,FullHouse_AC,CeilingFan_2,17.44,1.11,0.0,2176.06,501.28,2695.9,18.55
Balikpapan,South,FullHouse_AC,CeilingFan_NoSetback_1,623.6,41.31,0.0,2176.06,501.28,3342.26,664.9100000000001
Balikpapan,South,FullHouse_AC,CeilingFan_NoSetback_2,623.6,41.31,0.0,2176.06,501.28,3342.26,664.9100000000001
Balikpapan,South,FullHouse_AC,CoolRoof_1,582.88,38.59,0.0,2176.06,501.28,3298.81,621.47
Balikpapan,South,FullHouse_AC,CoolRoof_2,529.34,35.0,0.0,2176.06,501.28,3241.68,564.34
Balikpapan,South,FullHouse_AC,CoolWall_1,564.69,37.38,0.0,2176.06,501.28,3279.41,602.07
Balikpapan,South,FullHouse_AC,CoolWall_2,489.13,32.32,0.0,2176.06,501.28,3198.8,521.45
Balikpapan,South,FullHouse_AC,HybridNV_OperationSchd_1,606.76,40.17,0.0,2176.06,501.28,3324.27,646.93
Balikpapan,South,FullHouse_AC,HybridNV_OperationSchd_2,606.75,40.17,0.0,2176.06,501.28,3324.27,646.92
Balikpapan,South,FullHouse_AC,HybridNV_WindowOpen_1,586.94,38.82,0.0,2176.06,501.28,3303.1,625.7600000000001
Balikpapan,South,FullHouse_AC,HybridNV_WindowOpen_2,586.87,38.82,0.0,2176.06,501.28,3303.03,625.69
Balikpapan,South,FullHouse_AC,InsRoof_1,514.27,34.0,0.0,2176.06,501.28,3225.61,548.27
Balikpapan,South,FullHouse_AC,InsRoof_2,483.4,31.94,0.0,2176.06,501.28,3192.68,515.34
Balikpapan,South,FullHouse_AC,InsWall_1,548.55,36.29,0.0,2176.06,501.28,3262.18,584.8399999999999
Balikpapan,South,FullHouse_AC,InsWall_2,548.55,36.29,0.0,2176.06,501.28,3262.18,584.8399999999999
Balikpapan,South,FullHouse_AC,LowEWin_1,550.16,36.4,0.0,2176.06,501.28,3263.9,586.56
Balikpapan,South,FullHouse_AC,LowEWin_2,540.93,35.79,0.0,2176.06,501.28,3254.06,576.7199999999999
Balikpapan,South,FullHouse_AC,Overhang_1,596.25,39.49,0.0,2176.06,501.28,3313.08,635.74
Balikpapan,South,FullHouse_AC,Shade_1,596.94,39.49,0.0,2176.06,501.28,3313.77,636.4300000000001
Balikpapan,South,FullHouse_AC,Shade_2,538.06,35.58,0.0,2176.06,501.28,3250.99,573.64
Balikpapan,South,FullHouse_AC,SolarWin_1,544.54,36.02,0.0,2176.06,501.28,3257.9,580.56
Balikpapan,South,FullHouse_AC,SolarWin_2,509.42,33.68,0.0,2176.06,501.28,3220.44,543.1
Balikpapan,South,No_AC,Baseline,0.0,0.0,0.0,2176.06,501.28,2677.34,0.0
Balikpapan,South,No_AC,CeilingFan_1,0.0,0.0,0.0,2176.06,501.28,2677.34,0.0
Balikpapan,South,No_AC,CeilingFan_2,0.0,0.0,0.0,2176.06,501.28,2677.34,0.0
Balikpapan,South,No_AC,CeilingFan_NoSetback_1,0.0,0.0,0.0,2176.06,501.28,2677.34,0.0
Balikpapan,South,No_AC,CeilingFan_NoSetback_2,0.0,0.0,0.0,2176.06,501.28,2677.34,0.0
Balikpapan,South,No_AC,CoolRoof_1,0.0,0.0,0.0,2176.06,501.28,2677.34,0.0
Balikpapan,South,No_AC,CoolRoof_2,0.0,0.0,0.0,2176.06,501.28,2677.34,0.0
Balikpapan,South,No_AC,CoolWall_1,0.0,0.0,0.0,2176.06,501.28,2677.34,0.0
Balikpapan,South,No_AC,CoolWall_2,0.0,0.0,0.0,2176.06,501.28,2677.34,0.0
Balikpapan,South,No_AC,HybridNV_OperationSchd_1,0.0,0.0,0.0,2176.06,501.28,2677.34,0.0
Balikpapan,South,No_AC,HybridNV_OperationSchd_2,0.0,0.0,0.0,2176.06,501.28,2677.34,0.0
Balikpapan,South,No_AC,HybridNV_WindowOpen_1,0.0,0.0,0.0,2176.06,501.28,2677.34,0.0
Balikpapan,South,No_AC,HybridNV_WindowOpen_2,0.0,0.0,0.0,2176.06,501.28,2677.34,0.0
Balikpapan,South,No_AC,InsRoof_1,0.0,0.0,0.0,2176.06,501.28,2677.34,0.0
Balikpapan,South,No_AC,InsRoof_2,0.0,0.0,0.0,2176.06,501.28,2677.34,0.0
Balikpapan,South,No_AC,InsWall_1,0.0,0.0,0.0,2176.06,501.28,2677.34,0.0
Balikpapan,South,No_AC,InsWall_2,0.0,0.0,0.0,2176.06,501.28,2677.34,0.0
Balikpapan,South,No_AC,LowEWin_1,0.0,0.0,0.0,2176.06,501.28,2677.34,0.0
Balikpapan,South,No_AC,LowEWin_2,0.0,0.0,0.0,2176.06,501.28,2677.34,0.0
Balikpapan,South,No_AC,Overhang_1,0.0,0.0,0.0,2176.06,501.28,2677.34,0.0
Balikpapan,South,No_AC,Shade_1,0.0,0.0,0.0,2176.06,501.28,2677.34,0.0
Balikpapan,South,No_AC,Shade_2,0.0,0.0,0.0,2176.06,501.28,2677.34,0.0
Balikpapan,South,No_AC,SolarWin_1,0.0,0.0,0.0,2176.06,501.28,2677.34,0.0
Balikpapan,South,No_AC,SolarWin_2,0.0,0.0,0.0,2176.06,501.28,2677.34,0.0
Balikpapan,West,Bedroom_AC_Only,Baseline,582.26,38.66,0.0,2176.06,501.28,3298.26,620.92
Balikpapan,West,Bedroom_AC_Only,CeilingFan_1,147.29,9.58,0.0,2176.06,501.28,2834.22,156.87
Balikpapan,West,Bedroom_AC_Only,CeilingFan_2,51.74,3.31,0.0,2176.06,501.28,2732.39,55.050000000000004
Balikpapan,West,Bedroom_AC_Only,CeilingFan_NoSetback_1,582.26,38.66,0.0,2176.06,501.28,3298.26,620.92
Balikpapan,West,Bedroom_AC_Only,CeilingFan_NoSetback_2,582.26,38.66,0.0,2176.06,501.28,3298.26,620.92
Balikpapan,West,Bedroom_AC_Only,CoolRoof_1,548.32,36.39,0.0,2176.06,501.28,3262.04,584.71
Balikpapan,West,Bedroom_AC_Only,CoolRoof_2,504.73,33.46,0.0,2176.06,501.28,3215.53,538.19
Balikpapan,West,Bedroom_AC_Only,CoolWall_1,517.14,34.32,0.0,2176.06,501.28,3228.81,551.46
Balikpapan,West,Bedroom_AC_Only,CoolWall_2,440.48,29.19,0.0,2176.06,501.28,3147.01,469.67
Balikpapan,West,Bedroom_AC_Only,HybridNV_OperationSchd_1,559.05,37.08,0.0,2176.06,501.28,3273.48,596.13
Balikpapan,West,Bedroom_AC_Only,HybridNV_OperationSchd_2,559.05,37.08,0.0,2176.06,501.28,3273.47,596.13
Balikpapan,West,Bedroom_AC_Only,HybridNV_WindowOpen_1,539.98,35.78,0.0,2176.06,501.28,3253.1,575.76
Balikpapan,West,Bedroom_AC_Only,HybridNV_WindowOpen_2,539.87,35.77,0.0,2176.06,501.28,3252.98,575.64
Balikpapan,West,Bedroom_AC_Only,InsRoof_1,496.34,32.91,0.0,2176.06,501.28,3206.59,529.25
Balikpapan,West,Bedroom_AC_Only,InsRoof_2,473.67,31.39,0.0,2176.06,501.28,3182.4,505.06
Balikpapan,West,Bedroom_AC_Only,InsWall_1,522.61,34.67,0.0,2176.06,501.28,3234.63,557.28
Balikpapan,West,Bedroom_AC_Only,InsWall_2,522.61,34.67,0.0,2176.06,501.28,3234.63,557.28
Balikpapan,West,Bedroom_AC_Only,LowEWin_1,506.24,33.59,0.0,2176.06,501.28,3217.18,539.83
Balikpapan,West,Bedroom_AC_Only,LowEWin_2,497.68,33.02,0.0,2176.06,501.28,3208.04,530.7
Balikpapan,West,Bedroom_AC_Only,Overhang_1,553.97,36.78,0.0,2176.06,501.28,3268.09,590.75
Balikpapan,West,Bedroom_AC_Only,Shade_1,582.96,38.58,0.0,2176.06,501.28,3298.89,621.5400000000001
Balikpapan,West,Bedroom_AC_Only,Shade_2,499.3,33.09,0.0,2176.06,501.28,3209.73,532.39
Balikpapan,West,Bedroom_AC_Only,SolarWin_1,500.84,33.22,0.0,2176.06,501.28,3211.41,534.06
Balikpapan,West,Bedroom_AC_Only,SolarWin_2,464.85,30.82,0.0,2176.06,501.28,3173.01,495.67
Balikpapan,West,FullHouse_AC,Baseline,822.39,54.54,0.0,2176.06,501.28,3554.27,876.93
Balikpapan,West,FullHouse_AC,CeilingFan_1,216.59,14.08,0.0,2176.06,501.28,2908.02,230.67000000000002
Balikpapan,West,FullHouse_AC,CeilingFan_2,78.88,5.05,0.0,2176.06,501.28,2761.28,83.92999999999999
Balikpapan,West,FullHouse_AC,CeilingFan_NoSetback_1,822.39,54.54,0.0,2176.06,501.28,3554.27,876.93
Balikpapan,West,FullHouse_AC,CeilingFan_NoSetback_2,822.39,54.54,0.0,2176.06,501.28,3554.27,876.93
Balikpapan,West,FullHouse_AC,CoolRoof_1,772.27,51.19,0.0,2176.06,501.28,3500.8,823.46
Balikpapan,West,FullHouse_AC,CoolRoof_2,708.0,46.89,0.0,2176.06,501.28,3432.23,754.89
Balikpapan,West,FullHouse_AC,CoolWall_1,730.04,48.39,0.0,2176.06,501.28,3455.77,778.43
Balikpapan,West,FullHouse_AC,CoolWall_2,618.03,40.9,0.0,2176.06,501.28,3336.27,658.93
Balikpapan,West,FullHouse_AC,HybridNV_OperationSchd_1,797.33,52.84,0.0,2176.06,501.28,3527.5,850.1700000000001
Balikpapan,West,FullHouse_AC,HybridNV_OperationSchd_2,797.32,52.84,0.0,2176.06,501.28,3527.49,850.1600000000001
Balikpapan,West,FullHouse_AC,HybridNV_WindowOpen_1,770.25,50.98,0.0,2176.06,501.28,3498.57,821.23
Balikpapan,West,FullHouse_AC,HybridNV_WindowOpen_2,770.11,50.98,0.0,2176.06,501.28,3498.42,821.09
Balikpapan,West,FullHouse_AC,InsRoof_1,693.83,45.96,0.0,2176.06,501.28,3417.13,739.7900000000001
Balikpapan,West,FullHouse_AC,InsRoof_2,660.02,43.69,0.0,2176.06,501.28,3381.05,703.71
Balikpapan,West,FullHouse_AC,InsWall_1,733.06,48.58,0.0,2176.06,501.28,3458.98,781.64
Balikpapan,West,FullHouse_AC,InsWall_2,733.06,48.58,0.0,2176.06,501.28,3458.98,781.64
Balikpapan,West,FullHouse_AC,LowEWin_1,714.13,47.33,0.0,2176.06,501.28,3438.8,761.46
Balikpapan,West,FullHouse_AC,LowEWin_2,701.54,46.49,0.0,2176.06,501.28,3425.37,748.03
Balikpapan,West,FullHouse_AC,Overhang_1,782.85,51.91,0.0,2176.06,501.28,3512.11,834.76
Balikpapan,West,FullHouse_AC,Shade_1,824.51,54.51,0.0,2176.06,501.28,3556.36,879.02
Balikpapan,West,FullHouse_AC,Shade_2,708.84,46.92,0.0,2176.06,501.28,3433.11,755.76
Balikpapan,West,FullHouse_AC,SolarWin_1,706.17,46.79,0.0,2176.06,501.28,3430.3,752.9599999999999
Balikpapan,West,FullHouse_AC,SolarWin_2,653.9,43.3,0.0,2176.06,501.28,3374.54,697.1999999999999
Balikpapan,West,No_AC,Baseline,0.0,0.0,0.0,2176.06,501.28,2677.34,0.0
Balikpapan,West,No_AC,CeilingFan_1,0.0,0.0,0.0,2176.06,501.28,2677.34,0.0
Balikpapan,West,No_AC,CeilingFan_2,0.0,0.0,0.0,2176.06,501.28,2677.34,0.0
Balikpapan,West,No_AC,CeilingFan_NoSetback_1,0.0,0.0,0.0,2176.06,501.28,2677.34,0.0
Balikpapan,West,No_AC,CeilingFan_NoSetback_2,0.0,0.0,0.0,2176.06,501.28,2677.34,0.0
Balikpapan,West,No_AC,CoolRoof_1,0.0,0.0,0.0,2176.06,501.28,2677.34,0.0
Balikpapan,West,No_AC,CoolRoof_2,0.0,0.0,0.0,2176.06,501.28,2677.34,0.0
Balikpapan,West,No_AC,CoolWall_1,0.0,0.0,0.0,2176.06,501.28,2677.34,0.0
Balikpapan,West,No_AC,CoolWall_2,0.0,0.0,0.0,2176.06,501.28,2677.34,0.0
Balikpapan,West,No_AC,HybridNV_OperationSchd_1,0.0,0.0,0.0,2176.06,501.28,2677.34,0.0
Balikpapan,West,No_AC,HybridNV_OperationSchd_2,0.0,0.0,0.0,2176.06,501.28,2677.34,0.0
Balikpapan,West,No_AC,HybridNV_WindowOpen_1,0.0,0.0,0.0,2176.06,501.28,2677.34,0.0
Balikpapan,West,No_AC,HybridNV_WindowOpen_2,0.0,0.0,0.0,2176.06,501.28,2677.34,0.0
Balikpapan,West,No_AC,InsRoof_1,0.0,0.0,0.0,2176.06,501.28,2677.34,0.0
Balikpapan,West,No_AC,InsRoof_2,0.0,0.0,0.0,2176.06,501.28,2677.34,0.0
Balikpapan,West,No_AC,InsWall_1,0.0,0.0,0.0,2176.06,501.28,2677.34,0.0
Balikpapan,West,No_AC,InsWall_2,0.0,0.0,0.0,2176.06,501.28,2677.34,0.0
Balikpapan,West,No_AC,LowEWin_1,0.0,0.0,0.0,2176.06,501.28,2677.34,0.0
Balikpapan,West,No_AC,LowEWin_2,0.0,0.0,0.0,2176.06,501.28,2677.34,0.0
Balikpapan,West,No_AC,Overhang_1,0.0,0.0,0.0,2176.06,501.28,2677.34,0.0
Balikpapan,West,No_AC,Shade_1,0.0,0.0,0.0,2176.06,501.28,2677.34,0.0
Balikpapan,West,No_AC,Shade_2,0.0,0.0,0.0,2176.06,501.28,2677.34,0.0
Balikpapan,West,No_AC,SolarWin_1,0.0,0.0,0.0,2176.06,501.28,2677.34,0.0
Balikpapan,West,No_AC,SolarWin_2,0.0,0.0,0.0,2176.06,501.28,2677.34,0.0
Jakarta,South,Bedroom_AC_Only,Baseline,461.04,30.99,0.0,2176.06,501.28,3169.38,492.03000000000003
Jakarta,South,Bedroom_AC_Only,CeilingFan_1,99.64,6.51,0.0,2176.06,501.28,2783.5,106.15
Jakarta,South,Bedroom_AC_Only,CeilingFan_2,41.22,2.63,0.0,2176.06,501.28,2721.19,43.85
Jakarta,South,Bedroom_AC_Only,CeilingFan_NoSetback_1,461.04,30.99,0.0,2176.06,501.28,3169.38,492.03000000000003
Jakarta,South,Bedroom_AC_Only,CeilingFan_NoSetback_2,461.04,30.99,0.0,2176.06,501.28,3169.38,492.03000000000003
Jakarta,South,Bedroom_AC_Only,CoolRoof_1,422.17,28.36,0.0,2176.06,501.28,3127.87,450.53000000000003
Jakarta,South,Bedroom_AC_Only,CoolRoof_2,371.96,24.97,0.0,2176.06,501.28,3074.27,396.92999999999995
Jakarta,South,Bedroom_AC_Only,CoolWall_1,400.14,26.93,0.0,2176.06,501.28,3104.41,427.07
Jakarta,South,Bedroom_AC_Only,CoolWall_2,334.49,22.49,0.0,2176.06,501.28,3034.32,356.98
Jakarta,South,Bedroom_AC_Only,HybridNV_OperationSchd_1,404.79,27.14,0.0,2176.06,501.28,3109.27,431.93
Jakarta,South,Bedroom_AC_Only,HybridNV_OperationSchd_2,404.69,27.13,0.0,2176.06,501.28,3109.17,431.82
Jakarta,South,Bedroom_AC_Only,HybridNV_WindowOpen_1,367.29,24.57,0.0,2176.06,501.28,3069.2,391.86
Jakarta,South,Bedroom_AC_Only,HybridNV_WindowOpen_2,367.09,24.55,0.0,2176.06,501.28,3068.98,391.64
Jakarta,South,Bedroom_AC_Only,InsRoof_1,359.99,24.18,0.0,2176.06,501.28,3061.51,384.17
Jakarta,South,Bedroom_AC_Only,InsRoof_2,333.46,22.38,0.0,2176.06,501.28,3033.18,355.84
Jakarta,South,Bedroom_AC_Only,InsWall_1,390.73,26.25,0.0,2176.06,501.28,3094.32,416.98
Jakarta,South,Bedroom_AC_Only,InsWall_2,390.73,26.25,0.0,2176.06,501.28,3094.32,416.98
Jakarta,South,Bedroom_AC_Only,LowEWin_1,393.37,26.46,0.0,2176.06,501.28,3097.17,419.83
Jakarta,South,Bedroom_AC_Only,LowEWin_2,386.35,25.99,0.0,2176.06,501.28,3089.68,412.34000000000003
Jakarta,South,Bedroom_AC_Only,Overhang_1,429.97,28.93,0.0,2176.06,501.28,3136.24,458.90000000000003
Jakarta,South,Bedroom_AC_Only,Shade_1,459.69,30.76,0.0,2176.06,501.28,3167.79,490.45
Jakarta,South,Bedroom_AC_Only,Shade_2,386.92,25.97,0.0,2176.06,501.28,3090.24,412.89
Jakarta,South,Bedroom_AC_Only,SolarWin_1,387.91,26.08,0.0,2176.06,501.28,3091.33,413.99
Jakarta,South,Bedroom_AC_Only,SolarWin_2,355.0,23.87,0.0,2176.06,501.28,3056.21,378.87
Jakarta,South,FullHouse_AC,Baseline,604.98,40.65,0.0,2176.06,501.28,3322.97,645.63
Jakarta,South,FullHouse_AC,CeilingFan_1,123.56,8.09,0.0,2176.06,501.28,2808.99,131.65
Jakarta,South,FullHouse_AC,CeilingFan_2,45.72,2.91,0.0,2176.06,501.28,2725.98,48.629999999999995
Jakarta,South,FullHouse_AC,CeilingFan_NoSetback_1,604.98,40.65,0.0,2176.06,501.28,3322.97,645.63
Jakarta,South,FullHouse_AC,CeilingFan_NoSetback_2,604.98,40.65,0.0,2176.06,501.28,3322.97,645.63
Jakarta,South,FullHouse_AC,CoolRoof_1,553.57,37.17,0.0,2176.06,501.28,3268.09,590.74
Jakarta,South,FullHouse_AC,CoolRoof_2,486.59,32.64,0.0,2176.06,501.28,3196.58,519.23
Jakarta,South,FullHouse_AC,CoolWall_1,529.69,35.61,0.0,2176.06,501.28,3242.64,565.3000000000001
Jakarta,South,FullHouse_AC,CoolWall_2,445.22,29.9,0.0,2176.06,501.28,3152.46,475.12
Jakarta,South,FullHouse_AC,HybridNV_OperationSchd_1,544.94,36.55,0.0,2176.06,501.28,3258.83,581.49
Jakarta,South,FullHouse_AC,HybridNV_OperationSchd_2,544.82,36.54,0.0,2176.06,501.28,3258.7,581.36
Jakarta,South,FullHouse_AC,HybridNV_WindowOpen_1,494.39,33.08,0.0,2176.06,501.28,3204.81,527.47
Jakarta,South,FullHouse_AC,HybridNV_WindowOpen_2,494.13,33.06,0.0,2176.06,501.28,3204.54,527.19
Jakarta,South,FullHouse_AC,InsRoof_1,469.7,31.52,0.0,2176.06,501.28,3178.56,501.21999999999997
Jakarta,South,FullHouse_AC,InsRoof_2,434.18,29.11,0.0,2176.06,501.28,3140.63,463.29
Jakarta,South,FullHouse_AC,InsWall_1,510.82,34.29,0.0,2176.06,501.28,3222.45,545.11
Jakarta,South,FullHouse_AC,InsWall_2,510.82,34.29,0.0,2176.06,501.28,3222.45,545.11
Jakarta,South,FullHouse_AC,LowEWin_1,519.92,34.94,0.0,2176.06,501.28,3232.2,554.8599999999999
Jakarta,South,FullHouse_AC,LowEWin_2,510.89,34.34,0.0,2176.06,501.28,3222.57,545.23
Jakarta,South,FullHouse_AC,Overhang_1,567.7,38.17,0.0,2176.06,501.28,3283.21,605.87
Jakarta,South,FullHouse_AC,Shade_1,598.91,40.08,0.0,2176.06,501.28,3316.33,638.99
Jakarta,South,FullHouse_AC,Shade_2,512.07,34.36,0.0,2176.06,501.28,3223.77,546.4300000000001
Jakarta,South,FullHouse_AC,SolarWin_1,512.64,34.44,0.0,2176.06,501.28,3224.42,547.0799999999999
Jakarta,South,FullHouse_AC,SolarWin_2,470.58,31.61,0.0,2176.06,501.28,3179.53,502.19
Jakarta,South,No_AC,Baseline,0.0,0.0,0.0,2176.06,501.28,2677.34,0.0
Jakarta,South,No_AC,CeilingFan_1,0.0,0.0,0.0,2176.06,501.28,2677.34,0.0
Jakarta,South,No_AC,CeilingFan_2,0.0,0.0,0.0,2176.06,501.28,2677.34,0.0
Jakarta,South,No_AC,CeilingFan_NoSetback_1,0.0,0.0,0.0,2176.06,501.28,2677.34,0.0
Jakarta,South,No_AC,CeilingFan_NoSetback_2,0.0,0.0,0.0,2176.06,501.28,2677.34,0.0
Jakarta,South,No_AC,CoolRoof_1,0.0,0.0,0.0,2176.06,501.28,2677.34,0.0
Jakarta,South,No_AC,CoolRoof_2,0.0,0.0,0.0,2176.06,501.28,2677.34,0.0
Jakarta,South,No_AC,CoolWall_1,0.0,0.0,0.0,2176.06,501.28,2677.34,0.0
Jakarta,South,No_AC,CoolWall_2,0.0,0.0,0.0,2176.06,501.28,2677.34,0.0
Jakarta,South,No_AC,HybridNV_OperationSchd_1,0.0,0.0,0.0,2176.06,501.28,2677.34,0.0
Jakarta,South,No_AC,HybridNV_OperationSchd_2,0.0,0.0,0.0,2176.06,501.28,2677.34,0.0
Jakarta,South,No_AC,HybridNV_WindowOpen_1,0.0,0.0,0.0,2176.06,501.28,2677.34,0.0
Jakarta,South,No_AC,HybridNV_WindowOpen_2,0.0,0.0,0.0,2176.06,501.28,2677.34,0.0
Jakarta,South,No_AC,InsRoof_1,0.0,0.0,0.0,2176.06,501.28,2677.34,0.0
Jakarta,South,No_AC,InsRoof_2,0.0,0.0,0.0,2176.06,501.28,2677.34,0.0
Jakarta,South,No_AC,InsWall_1,0.0,0.0,0.0,2176.06,501.28,2677.34,0.0
Jakarta,South,No_AC,InsWall_2,0.0,0.0,0.0,2176.06,501.28,2677.34,0.0
Jakarta,South,No_AC,LowEWin_1,0.0,0.0,0.0,2176.06,501.28,2677.34,0.0
Jakarta,South,No_AC,LowEWin_2,0.0,0.0,0.0,2176.06,501.28,2677.34,0.0
Jakarta,South,No_AC,Overhang_1,0.0,0.0,0.0,2176.06,501.28,2677.34,0.0
Jakarta,South,No_AC,Shade_1,0.0,0.0,0.0,2176.06,501.28,2677.34,0.0
Jakarta,South,No_AC,Shade_2,0.0,0.0,0.0,2176.06,501.28,2677.34,0.0
Jakarta,South,No_AC,SolarWin_1,0.0,0.0,0.0,2176.06,501.28,2677.34,0.0
Jakarta,South,No_AC,SolarWin_2,0.0,0.0,0.0,2176.06,501.28,2677.34,0.0
Jakarta,West,Bedroom_AC_Only,Baseline,646.25,43.44,0.0,2176.06,501.28,3367.04,689.69
Jakarta,West,Bedroom_AC_Only,CeilingFan_1,242.69,15.86,0.0,2176.06,501.28,2935.88,258.55
Jakarta,West,Bedroom_AC_Only,CeilingFan_2,138.14,8.87,0.0,2176.06,501.28,2824.35,147.01
Jakarta,West,Bedroom_AC_Only,CeilingFan_NoSetback_1,646.25,43.44,0.0,2176.06,501.28,3367.04,689.69
Jakarta,West,Bedroom_AC_Only,CeilingFan_NoSetback_2,646.25,43.44,0.0,2176.06,501.28,3367.04,689.69
Jakarta,West,Bedroom_AC_Only,CoolRoof_1,600.22,40.34,0.0,2176.06,501.28,3317.91,640.5600000000001
Jakarta,West,Bedroom_AC_Only,CoolRoof_2,540.91,36.35,0.0,2176.06,501.28,3254.6,577.26
Jakarta,West,Bedroom_AC_Only,CoolWall_1,549.23,36.99,0.0,2176.06,501.28,3263.57,586.22
Jakarta,West,Bedroom_AC_Only,CoolWall_2,441.95,29.79,0.0,2176.06,501.28,3149.08,471.74
Jakarta,West,Bedroom_AC_Only,HybridNV_OperationSchd_1,564.75,37.83,0.0,2176.06,501.28,3279.92,602.58
Jakarta,West,Bedroom_AC_Only,HybridNV_OperationSchd_2,564.48,37.81,0.0,2176.06,501.28,3279.63,602.29
Jakarta,West,Bedroom_AC_Only,HybridNV_WindowOpen_1,515.56,34.44,0.0,2176.06,501.28,3227.34,550.0
Jakarta,West,Bedroom_AC_Only,HybridNV_WindowOpen_2,515.07,34.4,0.0,2176.06,501.28,3226.82,549.47
Jakarta,West,Bedroom_AC_Only,InsRoof_1,532.19,35.79,0.0,2176.06,501.28,3245.32,567.98
Jakarta,West,Bedroom_AC_Only,InsRoof_2,504.55,33.9,0.0,2176.06,501.28,3215.8,538.45
Jakarta,West,Bedroom_AC_Only,InsWall_1,565.93,38.06,0.0,2176.06,501.28,3281.33,603.99
Jakarta,West,Bedroom_AC_Only,InsWall_2,565.93,38.06,0.0,2176.06,501.28,3281.33,603.99
Jakarta,West,Bedroom_AC_Only,LowEWin_1,544.52,36.67,0.0,2176.06,501.28,3258.54,581.1899999999999
Jakarta,West,Bedroom_AC_Only,LowEWin_2,534.12,35.98,0.0,2176.06,501.28,3247.44,570.1
Jakarta,West,Bedroom_AC_Only,Overhang_1,604.84,40.71,0.0,2176.06,501.28,3322.89,645.5500000000001
Jakarta,West,Bedroom_AC_Only,Shade_1,691.48,46.13,0.0,2176.06,501.28,3414.95,737.61
Jakarta,West,Bedroom_AC_Only,Shade_2,553.8,37.16,0.0,2176.06,501.28,3268.31,590.9599999999999
Jakarta,West,Bedroom_AC_Only,SolarWin_1,538.65,36.25,0.0,2176.06,501.28,3252.25,574.9
Jakarta,West,Bedroom_AC_Only,SolarWin_2,486.12,32.75,0.0,2176.06,501.28,3196.21,518.87
Jakarta,West,FullHouse_AC,Baseline,927.21,62.25,0.0,2176.06,501.28,3666.79,989.46
Jakarta,West,FullHouse_AC,CeilingFan_1,368.03,24.03,0.0,2176.06,501.28,3069.4,392.05999999999995
Jakarta,West,FullHouse_AC,CeilingFan_2,216.29,13.88,0.0,2176.06,501.28,2907.51,230.17
Jakarta,West,FullHouse_AC,CeilingFan_NoSetback_1,927.21,62.25,0.0,2176.06,501.28,3666.79,989.46
Jakarta,West,FullHouse_AC,CeilingFan_NoSetback_2,927.21,62.25,0.0,2176.06,501.28,3666.79,989.46
Jakarta,West,FullHouse_AC,CoolRoof_1,859.06,57.67,0.0,2176.06,501.28,3594.07,916.7299999999999
Jakarta,West,FullHouse_AC,CoolRoof_2,770.4,51.71,0.0,2176.06,501.28,3499.45,822.11
Jakarta,West,FullHouse_AC,CoolWall_1,792.16,53.26,0.0,2176.06,501.28,3522.76,845.42
Jakarta,West,FullHouse_AC,CoolWall_2,636.82,42.83,0.0,2176.06,501.28,3356.99,679.6500000000001
Jakarta,West,FullHouse_AC,HybridNV_OperationSchd_1,831.18,55.63,0.0,2176.06,501.28,3564.16,886.81
Jakarta,West,FullHouse_AC,HybridNV_OperationSchd_2,830.86,55.61,0.0,2176.06,501.28,3563.81,886.47
Jakarta,West,FullHouse_AC,HybridNV_WindowOpen_1,760.72,50.76,0.0,2176.06,501.28,3488.83,811.48
Jakarta,West,FullHouse_AC,HybridNV_WindowOpen_2,760.02,50.72,0.0,2176.06,501.28,3488.07,810.74
Jakarta,West,FullHouse_AC,InsRoof_1,754.06,50.66,0.0,2176.06,501.28,3482.06,804.7199999999999
Jakarta,West,FullHouse_AC,InsRoof_2,713.18,47.88,0.0,2176.06,501.28,3438.4,761.06
Jakarta,West,FullHouse_AC,InsWall_1,805.11,54.08,0.0,2176.06,501.28,3536.53,859.19
Jakarta,West,FullHouse_AC,InsWall_2,805.11,54.08,0.0,2176.06,501.28,3536.53,859.19
Jakarta,West,FullHouse_AC,LowEWin_1,782.59,52.63,0.0,2176.06,501.28,3512.56,835.22
Jakarta,West,FullHouse_AC,LowEWin_2,767.49,51.62,0.0,2176.06,501.28,3496.45,819.11
Jakarta,West,FullHouse_AC,Overhang_1,869.84,58.46,0.0,2176.06,501.28,3605.64,928.3000000000001
Jakarta,West,FullHouse_AC,Shade_1,995.6,66.31,0.0,2176.06,501.28,3739.24,1061.91
Jakarta,West,FullHouse_AC,Shade_2,804.89,53.91,0.0,2176.06,501.28,3536.14,858.8
Jakarta,West,FullHouse_AC,SolarWin_1,774.92,52.07,0.0,2176.06,501.28,3504.34,826.99
Jakarta,West,FullHouse_AC,SolarWin_2,699.03,47.02,0.0,2176.06,501.28,3423.39,746.05
Jakarta,West,No_AC,Baseline,0.0,0.0,0.0,2176.06,501.28,2677.34,0.0
Jakarta,West,No_AC,CeilingFan_1,0.0,0.0,0.0,2176.06,501.28,2677.34,0.0
Jakarta,West,No_AC,CeilingFan_2,0.0,0.0,0.0,2176.06,501.28,2677.34,0.0
Jakarta,West,No_AC,CeilingFan_NoSetback_1,0.0,0.0,0.0,2176.06,501.28,2677.34,0.0
Jakarta,West,No_AC,CeilingFan_NoSetback_2,0.0,0.0,0.0,2176.06,501.28,2677.34,0.0
Jakarta,West,No_AC,CoolRoof_1,0.0,0.0,0.0,2176.06,501.28,2677.34,0.0
Jakarta,West,No_AC,CoolRoof_2,0.0,0.0,0.0,2176.06,501.28,2677.34,0.0
Jakarta,West,No_AC,CoolWall_1,0.0,0.0,0.0,2176.06,501.28,2677.34,0.0
Jakarta,West,No_AC,CoolWall_2,0.0,0.0,0.0,2176.06,501.28,2677.34,0.0
Jakarta,West,No_AC,HybridNV_OperationSchd_1,0.0,0.0,0.0,2176.06,501.28,2677.34,0.0
Jakarta,West,No_AC,HybridNV_OperationSchd_2,0.0,0.0,0.0,2176.06,501.28,2677.34,0.0
Jakarta,West,No_AC,HybridNV_WindowOpen_1,0.0,0.0,0.0,2176.06,501.28,2677.34,0.0
Jakarta,West,No_AC,HybridNV_WindowOpen_2,0.0,0.0,0.0,2176.06,501.28,2677.34,0.0
Jakarta,West,No_AC,InsRoof_1,0.0,0.0,0.0,2176.06,501.28,2677.34,0.0
Jakarta,West,No_AC,InsRoof_2,0.0,0.0,0.0,2176.06,501.28,2677.34,0.0
Jakarta,West,No_AC,InsWall_1,0.0,0.0,0.0,2176.06,501.28,2677.34,0.0
Jakarta,West,No_AC,InsWall_2,0.0,0.0,0.0,2176.06,501.28,2677.34,0.0
Jakarta,West,No_AC,LowEWin_1,0.0,0.0,0.0,2176.06,501.28,2677.34,0.0
Jakarta,West,No_AC,LowEWin_2,0.0,0.0,0.0,2176.06,501.28,2677.34,0.0
Jakarta,West,No_AC,Overhang_1,0.0,0.0,0.0,2176.06,501.28,2677.34,0.0
Jakarta,West,No_AC,Shade_1,0.0,0.0,0.0,2176.06,501.28,2677.34,0.0
Jakarta,West,No_AC,Shade_2,0.0,0.0,0.0,2176.06,501.28,2677.34,0.0
Jakarta,West,No_AC,SolarWin_1,0.0,0.0,0.0,2176.06,501.28,2677.34,0.0
Jakarta,West,No_AC,SolarWin_2,0.0,0.0,0.0,2176.06,501.28,2677.34,0.0
Padang,South,Bedroom_AC_Only,Baseline,413.05,27.91,0.0,2176.06,501.28,3118.3,440.96000000000004
Padang,South,Bedroom_AC_Only,CeilingFan_1,100.19,6.58,0.0,2176.06,501.28,2784.12,106.77
Padang,South,Bedroom_AC_Only,CeilingFan_2,42.39,2.73,0.0,2176.06,501.28,2722.46,45.12
Padang,South,Bedroom_AC_Only,CeilingFan_NoSetback_1,413.05,27.91,0.0,2176.06,501.28,3118.3,440.96000000000004
Padang,South,Bedroom_AC_Only,CeilingFan_NoSetback_2,413.05,27.91,0.0,2176.06,501.28,3118.3,440.96000000000004
Padang,South,Bedroom_AC_Only,CoolRoof_1,375.29,25.34,0.0,2176.06,501.28,3077.97,400.63
Padang,South,Bedroom_AC_Only,CoolRoof_2,325.95,21.98,0.0,2176.06,501.28,3025.28,347.93
Padang,South,Bedroom_AC_Only,CoolWall_1,351.45,23.76,0.0,2176.06,501.28,3052.55,375.21
Padang,South,Bedroom_AC_Only,CoolWall_2,283.15,19.1,0.0,2176.06,501.28,2979.59,302.25
Padang,South,Bedroom_AC_Only,HybridNV_OperationSchd_1,350.3,23.59,0.0,2176.06,501.28,3051.23,373.89
Padang,South,Bedroom_AC_Only,HybridNV_OperationSchd_2,349.94,23.57,0.0,2176.06,501.28,3050.86,373.51
Padang,South,Bedroom_AC_Only,HybridNV_WindowOpen_1,252.26,16.84,0.0,2176.06,501.28,2946.45,269.09999999999997
Padang,South,Bedroom_AC_Only,HybridNV_WindowOpen_2,251.86,16.82,0.0,2176.06,501.28,2946.02,268.68
Padang,South,Bedroom_AC_Only,InsRoof_1,314.95,21.25,0.0,2176.06,501.28,3013.54,336.2
Padang,South,Bedroom_AC_Only,InsRoof_2,289.6,19.51,0.0,2176.06,501.28,2986.46,309.11
Padang,South,Bedroom_AC_Only,InsWall_1,345.01,23.29,0.0,2176.06,501.28,3045.65,368.3
Padang,South,Bedroom_AC_Only,InsWall_2,345.01,23.29,0.0,2176.06,501.28,3045.65,368.3
Padang,South,Bedroom_AC_Only,LowEWin_1,353.83,23.92,0.0,2176.06,501.28,3055.08,377.75
Padang,South,Bedroom_AC_Only,LowEWin_2,347.95,23.52,0.0,2176.06,501.28,3048.81,371.46999999999997
Padang,South,Bedroom_AC_Only,Overhang_1,384.54,26.0,0.0,2176.06,501.28,3087.88,410.54
Padang,South,Bedroom_AC_Only,Shade_1,405.24,27.28,0.0,2176.06,501.28,3109.86,432.52
Padang,South,Bedroom_AC_Only,Shade_2,345.76,23.33,0.0,2176.06,501.28,3046.43,369.09
Padang,South,Bedroom_AC_Only,SolarWin_1,348.37,23.53,0.0,2176.06,501.28,3049.25,371.9
Padang,South,Bedroom_AC_Only,SolarWin_2,318.54,21.51,0.0,2176.06,501.28,3017.4,340.05
Padang,South,FullHouse_AC,Baseline,548.41,37.04,0.0,2176.06,501.28,3262.79,585.4499999999999
Padang,South,FullHouse_AC,CeilingFan_1,130.66,8.59,0.0,2176.06,501.28,2816.6,139.25
Padang,South,FullHouse_AC,CeilingFan_2,51.45,3.31,0.0,2176.06,501.28,2732.1,54.760000000000005
Padang,South,FullHouse_AC,CeilingFan_NoSetback_1,548.41,37.04,0.0,2176.06,501.28,3262.79,585.4499999999999
Padang,South,FullHouse_AC,CeilingFan_NoSetback_2,548.41,37.04,0.0,2176.06,501.28,3262.79,585.4499999999999
Padang,South,FullHouse_AC,CoolRoof_1,497.11,33.55,0.0,2176.06,501.28,3207.99,530.66
Padang,South,FullHouse_AC,CoolRoof_2,430.59,29.02,0.0,2176.06,501.28,3136.95,459.60999999999996
Padang,South,FullHouse_AC,CoolWall_1,469.44,31.71,0.0,2176.06,501.28,3178.49,501.15
Padang,South,FullHouse_AC,CoolWall_2,379.63,25.58,0.0,2176.06,501.28,3082.55,405.21
Padang,South,FullHouse_AC,HybridNV_OperationSchd_1,479.07,32.27,0.0,2176.06,501.28,3188.68,511.34
Padang,South,FullHouse_AC,HybridNV_OperationSchd_2,478.63,32.24,0.0,2176.06,501.28,3188.21,510.87
Padang,South,FullHouse_AC,HybridNV_WindowOpen_1,342.77,22.89,0.0,2176.06,501.28,3043.0,365.65999999999997
Padang,South,FullHouse_AC,HybridNV_WindowOpen_2,342.27,22.85,0.0,2176.06,501.28,3042.47,365.12
Padang,South,FullHouse_AC,InsRoof_1,414.75,27.95,0.0,2176.06,501.28,3120.04,442.7
Padang,South,FullHouse_AC,InsRoof_2,380.62,25.63,0.0,2176.06,501.28,3083.59,406.25
Padang,South,FullHouse_AC,InsWall_1,455.55,30.73,0.0,2176.06,501.28,3163.62,486.28000000000003
Padang,South,FullHouse_AC,InsWall_2,455.55,30.73,0.0,2176.06,501.28,3163.62,486.28000000000003
Padang,South,FullHouse_AC,LowEWin_1,471.46,31.84,0.0,2176.06,501.28,3180.64,503.29999999999995
Padang,South,FullHouse_AC,LowEWin_2,463.71,31.31,0.0,2176.06,501.28,3172.36,495.02
Padang,South,FullHouse_AC,Overhang_1,512.62,34.64,0.0,2176.06,501.28,3224.6,547.26
Padang,South,FullHouse_AC,Shade_1,537.85,36.2,0.0,2176.06,501.28,3251.39,574.0500000000001
Padang,South,FullHouse_AC,Shade_2,462.98,31.22,0.0,2176.06,501.28,3171.54,494.20000000000005
Padang,South,FullHouse_AC,SolarWin_1,464.29,31.34,0.0,2176.06,501.28,3172.97,495.63
Padang,South,FullHouse_AC,SolarWin_2,425.42,28.7,0.0,2176.06,501.28,3131.47,454.12
Padang,South,No_AC,Baseline,0.0,0.0,0.0,2176.06,501.28,2677.34,0.0
Padang,South,No_AC,CeilingFan_1,0.0,0.0,0.0,2176.06,501.28,2677.34,0.0
Padang,South,No_AC,CeilingFan_2,0.0,0.0,0.0,2176.06,501.28,2677.34,0.0
Padang,South,No_AC,CeilingFan_NoSetback_1,0.0,0.0,0.0,2176.06,501.28,2677.34,0.0
Padang,South,No_AC,CeilingFan_NoSetback_2,0.0,0.0,0.0,2176.06,501.28,2677.34,0.0
Padang,South,No_AC,CoolRoof_1,0.0,0.0,0.0,2176.06,501.28,2677.34,0.0
Padang,South,No_AC,CoolRoof_2,0.0,0.0,0.0,2176.06,501.28,2677.34,0.0
Padang,South,No_AC,CoolWall_1,0.0,0.0,0.0,2176.06,501.28,2677.34,0.0
Padang,South,No_AC,CoolWall_2,0.0,0.0,0.0,2176.06,501.28,2677.34,0.0
Padang,South,No_AC,HybridNV_OperationSchd_1,0.0,0.0,0.0,2176.06,501.28,2677.34,0.0
Padang,South,No_AC,HybridNV_OperationSchd_2,0.0,0.0,0.0,2176.06,501.28,2677.34,0.0
Padang,South,No_AC,HybridNV_WindowOpen_1,0.0,0.0,0.0,2176.06,501.28,2677.34,0.0
Padang,South,No_AC,HybridNV_WindowOpen_2,0.0,0.0,0.0,2176.06,501.28,2677.34,0.0
Padang,South,No_AC,InsRoof_1,0.0,0.0,0.0,2176.06,501.28,2677.34,0.0
Padang,South,No_AC,InsRoof_2,0.0,0.0,0.0,2176.06,501.28,2677.34,0.0
Padang,South,No_AC,InsWall_1,0.0,0.0,0.0,2176.06,501.28,2677.34,0.0
Padang,South,No_AC,InsWall_2,0.0,0.0,0.0,2176.06,501.28,2677.34,0.0
Padang,South,No_AC,LowEWin_1,0.0,0.0,0.0,2176.06,501.28,2677.34,0.0
Padang,South,No_AC,LowEWin_2,0.0,0.0,0.0,2176.06,501.28,2677.34,0.0
Padang,South,No_AC,Overhang_1,0.0,0.0,0.0,2176.06,501.28,2677.34,0.0
Padang,South,No_AC,Shade_1,0.0,0.0,0.0,2176.06,501.28,2677.34,0.0
Padang,South,No_AC,Shade_2,0.0,0.0,0.0,2176.06,501.28,2677.34,0.0
Padang,South,No_AC,SolarWin_1,0.0,0.0,0.0,2176.06,501.28,2677.34,0.0
Padang,South,No_AC,SolarWin_2,0.0,0.0,0.0,2176.06,501.28,2677.34,0.0
Padang,West,Bedroom_AC_Only,Baseline,588.18,39.78,0.0,2176.06,501.28,3305.3,627.9599999999999
Padang,West,Bedroom_AC_Only,CeilingFan_1,225.06,14.79,0.0,2176.06,501.28,2917.19,239.85
Padang,West,Bedroom_AC_Only,CeilingFan_2,129.92,8.4,0.0,2176.06,501.28,2815.67,138.32
Padang,West,Bedroom_AC_Only,CeilingFan_NoSetback_1,588.18,39.78,0.0,2176.06,501.28,3305.3,627.9599999999999
Padang,West,Bedroom_AC_Only,CeilingFan_NoSetback_2,588.18,39.78,0.0,2176.06,501.28,3305.3,627.9599999999999
Padang,West,Bedroom_AC_Only,CoolRoof_1,542.37,36.67,0.0,2176.06,501.28,3256.39,579.04
Padang,West,Bedroom_AC_Only,CoolRoof_2,484.09,32.7,0.0,2176.06,501.28,3194.13,516.79
Padang,West,Bedroom_AC_Only,CoolWall_1,491.92,33.31,0.0,2176.06,501.28,3202.57,525.23
Padang,West,Bedroom_AC_Only,CoolWall_2,384.07,25.99,0.0,2176.06,501.28,3087.41,410.06
Padang,West,Bedroom_AC_Only,HybridNV_OperationSchd_1,495.68,33.39,0.0,2176.06,501.28,3206.4,529.07
Padang,West,Bedroom_AC_Only,HybridNV_OperationSchd_2,494.96,33.34,0.0,2176.06,501.28,3205.64,528.3
Padang,West,Bedroom_AC_Only,HybridNV_WindowOpen_1,364.92,24.34,0.0,2176.06,501.28,3066.59,389.26
Padang,West,Bedroom_AC_Only,HybridNV_WindowOpen_2,363.84,24.27,0.0,2176.06,501.28,3065.45,388.10999999999996
Padang,West,Bedroom_AC_Only,InsRoof_1,476.37,32.2,0.0,2176.06,501.28,3185.91,508.57
Padang,West,Bedroom_AC_Only,InsRoof_2,449.14,30.33,0.0,2176.06,501.28,3156.81,479.46999999999997
Padang,West,Bedroom_AC_Only,InsWall_1,509.85,34.48,0.0,2176.06,501.28,3221.67,544.33
Padang,West,Bedroom_AC_Only,InsWall_2,509.85,34.48,0.0,2176.06,501.28,3221.67,544.33
Padang,West,Bedroom_AC_Only,LowEWin_1,497.52,33.69,0.0,2176.06,501.28,3208.56,531.21
Padang,West,Bedroom_AC_Only,LowEWin_2,488.65,33.1,0.0,2176.06,501.28,3199.08,521.75
Padang,West,Bedroom_AC_Only,Overhang_1,550.2,37.25,0.0,2176.06,501.28,3264.79,587.45
Padang,West,Bedroom_AC_Only,Shade_1,615.56,41.36,0.0,2176.06,501.28,3334.27,656.92
Padang,West,Bedroom_AC_Only,Shade_2,501.07,33.82,0.0,2176.06,501.28,3212.23,534.89
Padang,West,Bedroom_AC_Only,SolarWin_1,491.67,33.27,0.0,2176.06,501.28,3202.28,524.94
Padang,West,Bedroom_AC_Only,SolarWin_2,444.34,30.08,0.0,2176.06,501.28,3151.76,474.41999999999996
Padang,West,FullHouse_AC,Baseline,839.26,56.68,0.0,2176.06,501.28,3573.29,895.9399999999999
Padang,West,FullHouse_AC,CeilingFan_1,332.87,21.85,0.0,2176.06,501.28,3032.06,354.72
Padang,West,FullHouse_AC,CeilingFan_2,196.71,12.71,0.0,2176.06,501.28,2886.76,209.42000000000002
Padang,West,FullHouse_AC,CeilingFan_NoSetback_1,839.26,56.68,0.0,2176.06,501.28,3573.29,895.9399999999999
Padang,West,FullHouse_AC,CeilingFan_NoSetback_2,839.26,56.68,0.0,2176.06,501.28,3573.29,895.9399999999999
Padang,West,FullHouse_AC,CoolRoof_1,773.03,52.19,0.0,2176.06,501.28,3502.56,825.22
Padang,West,FullHouse_AC,CoolRoof_2,687.58,46.39,0.0,2176.06,501.28,3411.31,733.97
Padang,West,FullHouse_AC,CoolWall_1,707.16,47.8,0.0,2176.06,501.28,3432.3,754.9599999999999
Padang,West,FullHouse_AC,CoolWall_2,552.96,37.35,0.0,2176.06,501.28,3267.65,590.3100000000001
Padang,West,FullHouse_AC,HybridNV_OperationSchd_1,729.8,49.11,0.0,2176.06,501.28,3456.25,778.91
Padang,West,FullHouse_AC,HybridNV_OperationSchd_2,728.85,49.05,0.0,2176.06,501.28,3455.24,777.9
Padang,West,FullHouse_AC,HybridNV_WindowOpen_1,539.65,35.95,0.0,2176.06,501.28,3252.94,575.6
Padang,West,FullHouse_AC,HybridNV_WindowOpen_2,538.12,35.85,0.0,2176.06,501.28,3251.31,573.97
Padang,West,FullHouse_AC,InsRoof_1,673.28,45.45,0.0,2176.06,501.28,3396.07,718.73
Padang,West,FullHouse_AC,InsRoof_2,633.71,42.74,0.0,2176.06,501.28,3353.8,676.45
Padang,West,FullHouse_AC,InsWall_1,723.29,48.84,0.0,2176.06,501.28,3449.48,772.13
Padang,West,FullHouse_AC,InsWall_2,723.29,48.84,0.0,2176.06,501.28,3449.48,772.13
Padang,West,FullHouse_AC,LowEWin_1,712.42,48.16,0.0,2176.06,501.28,3437.92,760.5799999999999
Padang,West,FullHouse_AC,LowEWin_2,699.65,47.3,0.0,2176.06,501.28,3424.29,746.9499999999999
Padang,West,FullHouse_AC,Overhang_1,787.63,53.23,0.0,2176.06,501.28,3518.21,840.86
Padang,West,FullHouse_AC,Shade_1,881.08,59.11,0.0,2176.06,501.28,3617.53,940.19
Padang,West,FullHouse_AC,Shade_2,725.57,48.88,0.0,2176.06,501.28,3451.79,774.45
Padang,West,FullHouse_AC,SolarWin_1,705.01,47.62,0.0,2176.06,501.28,3429.98,752.63
Padang,West,FullHouse_AC,SolarWin_2,637.24,43.07,0.0,2176.06,501.28,3357.65,680.3100000000001
Padang,West,No_AC,Baseline,0.0,0.0,0.0,2176.06,501.28,2677.34,0.0
Padang,West,No_AC,CeilingFan_1,0.0,0.0,0.0,2176.06,501.28,2677.34,0.0
Padang,West,No_AC,CeilingFan_2,0.0,0.0,0.0,2176.06,501.28,2677.34,0.0
Padang,West,No_AC,CeilingFan_NoSetback_1,0.0,0.0,0.0,2176.06,501.28,2677.34,0.0
Padang,West,No_AC,CeilingFan_NoSetback_2,0.0,0.0,0.0,2176.06,501.28,2677.34,0.0
Padang,West,No_AC,CoolRoof_1,0.0,0.0,0.0,2176.06,501.28,2677.34,0.0
Padang,West,No_AC,CoolRoof_2,0.0,0.0,0.0,2176.06,501.28,2677.34,0.0
Padang,West,No_AC,CoolWall_1,0.0,0.0,0.0,2176.06,501.28,2677.34,0.0
Padang,West,No_AC,CoolWall_2,0.0,0.0,0.0,2176.06,501.28,2677.34,0.0
Padang,West,No_AC,HybridNV_OperationSchd_1,0.0,0.0,0.0,2176.06,501.28,2677.34,0.0
Padang,West,No_AC,HybridNV_OperationSchd_2,0.0,0.0,0.0,2176.06,501.28,2677.34,0.0
Padang,West,No_AC,HybridNV_WindowOpen_1,0.0,0.0,0.0,2176.06,501.28,2677.34,0.0
Padang,West,No_AC,HybridNV_WindowOpen_2,0.0,0.0,0.0,2176.06,501.28,2677.34,0.0
Padang,West,No_AC,InsRoof_1,0.0,0.0,0.0,2176.06,501.28,2677.34,0.0
Padang,West,No_AC,InsRoof_2,0.0,0.0,0.0,2176.06,501.28,2677.34,0.0
Padang,West,No_AC,InsWall_1,0.0,0.0,0.0,2176.06,501.28,2677.34,0.0
Padang,West,No_AC,InsWall_2,0.0,0.0,0.0,2176.06,501.28,2677.34,0.0
Padang,West,No_AC,LowEWin_1,0.0,0.0,0.0,2176.06,501.28,2677.34,0.0
Padang,West,No_AC,LowEWin_2,0.0,0.0,0.0,2176.06,501.28,2677.34,0.0
Padang,West,No_AC,Overhang_1,0.0,0.0,0.0,2176.06,501.28,2677.34,0.0
Padang,West,No_AC,Shade_1,0.0,0.0,0.0,2176.06,501.28,2677.34,0.0
Padang,West,No_AC,Shade_2,0.0,0.0,0.0,2176.06,501.28,2677.34,0.0
Padang,West,No_AC,SolarWin_1,0.0,0.0,0.0,2176.06,501.28,2677.34,0.0
Padang,West,No_AC,SolarWin_2,0.0,0.0,0.0,2176.06,501.28,2677.34,0.0
Waingapu,South,Bedroom_AC_Only,Baseline,363.69,24.6,0.0,2176.06,501.28,3065.63,388.29
Waingapu,South,Bedroom_AC_Only,CeilingFan_1,70.57,4.63,0.0,2176.06,501.28,2752.55,75.19999999999999
Waingapu,South,Bedroom_AC_Only,CeilingFan_2,23.92,1.53,0.0,2176.06,501.28,2702.79,25.450000000000003
Waingapu,South,Bedroom_AC_Only,CeilingFan_NoSetback_1,363.69,24.6,0.0,2176.06,501.28,3065.63,388.29
Waingapu,South,Bedroom_AC_Only,CeilingFan_NoSetback_2,363.69,24.6,0.0,2176.06,501.28,3065.63,388.29
Waingapu,South,Bedroom_AC_Only,CoolRoof_1,330.56,22.34,0.0,2176.06,501.28,3030.24,352.9
Waingapu,South,Bedroom_AC_Only,CoolRoof_2,288.09,19.44,0.0,2176.06,501.28,2984.87,307.53
Waingapu,South,Bedroom_AC_Only,CoolWall_1,312.52,21.13,0.0,2176.06,501.28,3010.99,333.65
Waingapu,South,Bedroom_AC_Only,CoolWall_2,255.41,17.22,0.0,2176.06,501.28,2949.98,272.63
Waingapu,South,Bedroom_AC_Only,HybridNV_OperationSchd_1,322.55,21.76,0.0,2176.06,501.28,3021.65,344.31
Waingapu,South,Bedroom_AC_Only,HybridNV_OperationSchd_2,322.12,21.73,0.0,2176.06,501.28,3021.19,343.85
Waingapu,South,Bedroom_AC_Only,HybridNV_WindowOpen_1,242.47,16.21,0.0,2176.06,501.28,2936.02,258.68
Waingapu,South,Bedroom_AC_Only,HybridNV_WindowOpen_2,242.14,16.19,0.0,2176.06,501.28,2935.67,258.33
Waingapu,South,Bedroom_AC_Only,InsRoof_1,284.3,19.19,0.0,2176.06,501.28,2980.83,303.49
Waingapu,South,Bedroom_AC_Only,InsRoof_2,262.61,17.71,0.0,2176.06,501.28,2957.67,280.32
Waingapu,South,Bedroom_AC_Only,InsWall_1,308.95,20.87,0.0,2176.06,501.28,3007.16,329.82
Waingapu,South,Bedroom_AC_Only,InsWall_2,308.95,20.87,0.0,2176.06,501.28,3007.16,329.82
Waingapu,South,Bedroom_AC_Only,LowEWin_1,308.43,20.85,0.0,2176.06,501.28,3006.62,329.28000000000003
Waingapu,South,Bedroom_AC_Only,LowEWin_2,303.29,20.5,0.0,2176.06,501.28,3001.13,323.79
Waingapu,South,Bedroom_AC_Only,Overhang_1,339.81,22.99,0.0,2176.06,501.28,3040.15,362.8
Waingapu,South,Bedroom_AC_Only,Shade_1,355.91,23.96,0.0,2176.06,501.28,3057.21,379.87
Waingapu,South,Bedroom_AC_Only,Shade_2,297.14,20.05,0.0,2176.06,501.28,2994.53,317.19
Waingapu,South,Bedroom_AC_Only,SolarWin_1,302.15,20.41,0.0,2176.06,501.28,2999.91,322.56
Waingapu,South,Bedroom_AC_Only,SolarWin_2,275.69,18.61,0.0,2176.06,501.28,2971.64,294.3
Waingapu,South,FullHouse_AC,Baseline,488.77,33.01,0.0,2176.06,501.28,3199.12,521.78
Waingapu,South,FullHouse_AC,CeilingFan_1,90.18,5.92,0.0,2176.06,501.28,2773.45,96.10000000000001
Waingapu,South,FullHouse_AC,CeilingFan_2,27.93,1.78,0.0,2176.06,501.28,2707.06,29.71
Waingapu,South,FullHouse_AC,CeilingFan_NoSetback_1,488.77,33.01,0.0,2176.06,501.28,3199.12,521.78
Waingapu,South,FullHouse_AC,CeilingFan_NoSetback_2,488.77,33.01,0.0,2176.06,501.28,3199.12,521.78
Waingapu,South,FullHouse_AC,CoolRoof_1,442.5,29.85,0.0,2176.06,501.28,3149.69,472.35
Waingapu,South,FullHouse_AC,CoolRoof_2,383.27,25.82,0.0,2176.06,501.28,3086.43,409.09
Waingapu,South,FullHouse_AC,CoolWall_1,421.83,28.47,0.0,2176.06,501.28,3127.65,450.29999999999995
Waingapu,South,FullHouse_AC,CoolWall_2,344.72,23.2,0.0,2176.06,501.28,3045.26,367.92
Waingapu,South,FullHouse_AC,HybridNV_OperationSchd_1,445.42,30.02,0.0,2176.06,501.28,3152.79,475.44
Waingapu,South,FullHouse_AC,HybridNV_OperationSchd_2,444.79,29.98,0.0,2176.06,501.28,3152.11,474.77000000000004
Waingapu,South,FullHouse_AC,HybridNV_WindowOpen_1,339.32,22.68,0.0,2176.06,501.28,3039.35,362.0
Waingapu,South,FullHouse_AC,HybridNV_WindowOpen_2,338.9,22.66,0.0,2176.06,501.28,3038.9,361.56
Waingapu,South,FullHouse_AC,InsRoof_1,376.19,25.35,0.0,2176.06,501.28,3078.88,401.54
Waingapu,South,FullHouse_AC,InsRoof_2,345.84,23.28,0.0,2176.06,501.28,3046.46,369.12
Waingapu,South,FullHouse_AC,InsWall_1,411.2,27.73,0.0,2176.06,501.28,3116.27,438.93
Waingapu,South,FullHouse_AC,InsWall_2,411.2,27.73,0.0,2176.06,501.28,3116.27,438.93
Waingapu,South,FullHouse_AC,LowEWin_1,415.3,28.02,0.0,2176.06,501.28,3120.66,443.32
Waingapu,South,FullHouse_AC,LowEWin_2,408.14,27.54,0.0,2176.06,501.28,3113.02,435.68
Waingapu,South,FullHouse_AC,Overhang_1,458.34,30.96,0.0,2176.06,501.28,3166.64,489.29999999999995
Waingapu,South,FullHouse_AC,Shade_1,474.66,31.93,0.0,2176.06,501.28,3183.94,506.59000000000003
Waingapu,South,FullHouse_AC,Shade_2,401.66,27.06,0.0,2176.06,501.28,3106.06,428.72
Waingapu,South,FullHouse_AC,SolarWin_1,406.86,27.44,0.0,2176.06,501.28,3111.64,434.3
Waingapu,South,FullHouse_AC,SolarWin_2,371.25,25.02,0.0,2176.06,501.28,3073.61,396.27
Waingapu,South,No_AC,Baseline,0.0,0.0,0.0,2176.06,501.28,2677.34,0.0
Waingapu,South,No_AC,CeilingFan_1,0.0,0.0,0.0,2176.06,501.28,2677.34,0.0
Waingapu,South,No_AC,CeilingFan_2,0.0,0.0,0.0,2176.06,501.28,2677.34,0.0
Waingapu,South,No_AC,CeilingFan_NoSetback_1,0.0,0.0,0.0,2176.06,501.28,2677.34,0.0
Waingapu,South,No_AC,CeilingFan_NoSetback_2,0.0,0.0,0.0,2176.06,501.28,2677.34,0.0
Waingapu,South,No_AC,CoolRoof_1,0.0,0.0,0.0,2176.06,501.28,2677.34,0.0
Waingapu,South,No_AC,CoolRoof_2,0.0,0.0,0.0,2176.06,501.28,2677.34,0.0
Waingapu,South,No_AC,CoolWall_1,0.0,0.0,0.0,2176.06,501.28,2677.34,0.0
Waingapu,South,No_AC,CoolWall_2,0.0,0.0,0.0,2176.06,501.28,2677.34,0.0
Waingapu,South,No_AC,HybridNV_OperationSchd_1,0.0,0.0,0.0,2176.06,501.28,2677.34,0.0
Waingapu,South,No_AC,HybridNV_OperationSchd_2,0.0,0.0,0.0,2176.06,501.28,2677.34,0.0
Waingapu,South,No_AC,HybridNV_WindowOpen_1,0.0,0.0,0.0,2176.06,501.28,2677.34,0.0
Waingapu,South,No_AC,HybridNV_WindowOpen_2,0.0,0.0,0.0,2176.06,501.28,2677.34,0.0
Waingapu,South,No_AC,InsRoof_1,0.0,0.0,0.0,2176.06,501.28,2677.34,0.0
Waingapu,South,No_AC,InsRoof_2,0.0,0.0,0.0,2176.06,501.28,2677.34,0.0
Waingapu,South,No_AC,InsWall_1,0.0,0.0,0.0,2176.06,501.28,2677.34,0.0
Waingapu,South,No_AC,InsWall_2,0.0,0.0,0.0,2176.06,501.28,2677.34,0.0
Waingapu,South,No_AC,LowEWin_1,0.0,0.0,0.0,2176.06,501.28,2677.34,0.0
Waingapu,South,No_AC,LowEWin_2,0.0,0.0,0.0,2176.06,501.28,2677.34,0.0
Waingapu,South,No_AC,Overhang_1,0.0,0.0,0.0,2176.06,501.28,2677.34,0.0
Waingapu,South,No_AC,Shade_1,0.0,0.0,0.0,2176.06,501.28,2677.34,0.0
Waingapu,South,No_AC,Shade_2,0.0,0.0,0.0,2176.06,501.28,2677.34,0.0
Waingapu,South,No_AC,SolarWin_1,0.0,0.0,0.0,2176.06,501.28,2677.34,0.0
Waingapu,South,No_AC,SolarWin_2,0.0,0.0,0.0,2176.06,501.28,2677.34,0.0
Waingapu,West,Bedroom_AC_Only,Baseline,566.38,38.24,0.0,2176.06,501.28,3281.96,604.62
Waingapu,West,Bedroom_AC_Only,CeilingFan_1,220.83,14.43,0.0,2176.06,501.28,2912.59,235.26000000000002
Waingapu,West,Bedroom_AC_Only,CeilingFan_2,136.42,8.76,0.0,2176.06,501.28,2822.52,145.17999999999998
Waingapu,West,Bedroom_AC_Only,CeilingFan_NoSetback_1,566.38,38.24,0.0,2176.06,501.28,3281.96,604.62
Waingapu,West,Bedroom_AC_Only,CeilingFan_NoSetback_2,566.38,38.24,0.0,2176.06,501.28,3281.96,604.62
Waingapu,West,Bedroom_AC_Only,CoolRoof_1,521.67,35.21,0.0,2176.06,501.28,3234.22,556.88
Waingapu,West,Bedroom_AC_Only,CoolRoof_2,465.67,31.41,0.0,2176.06,501.28,3174.43,497.08000000000004
Waingapu,West,Bedroom_AC_Only,CoolWall_1,471.17,31.87,0.0,2176.06,501.28,3180.38,503.04
Waingapu,West,Bedroom_AC_Only,CoolWall_2,365.27,24.71,0.0,2176.06,501.28,3067.32,389.97999999999996
Waingapu,West,Bedroom_AC_Only,HybridNV_OperationSchd_1,499.68,33.6,0.0,2176.06,501.28,3210.62,533.28
Waingapu,West,Bedroom_AC_Only,HybridNV_OperationSchd_2,498.88,33.55,0.0,2176.06,501.28,3209.77,532.43
Waingapu,West,Bedroom_AC_Only,HybridNV_WindowOpen_1,391.62,26.07,0.0,2176.06,501.28,3095.03,417.69
Waingapu,West,Bedroom_AC_Only,HybridNV_WindowOpen_2,390.8,26.02,0.0,2176.06,501.28,3094.15,416.82
Waingapu,West,Bedroom_AC_Only,InsRoof_1,465.52,31.44,0.0,2176.06,501.28,3174.3,496.96
Waingapu,West,Bedroom_AC_Only,InsRoof_2,441.02,29.75,0.0,2176.06,501.28,3148.12,470.77
Waingapu,West,Bedroom_AC_Only,InsWall_1,495.62,33.48,0.0,2176.06,501.28,3206.44,529.1
Waingapu,West,Bedroom_AC_Only,InsWall_2,495.62,33.48,0.0,2176.06,501.28,3206.44,529.1
Waingapu,West,Bedroom_AC_Only,LowEWin_1,470.55,31.83,0.0,2176.06,501.28,3179.72,502.38
Waingapu,West,Bedroom_AC_Only,LowEWin_2,461.15,31.21,0.0,2176.06,501.28,3169.69,492.35999999999996
Waingapu,West,Bedroom_AC_Only,Overhang_1,528.76,35.75,0.0,2176.06,501.28,3241.84,564.51
Waingapu,West,Bedroom_AC_Only,Shade_1,603.67,40.41,0.0,2176.06,501.28,3321.42,644.0799999999999
Waingapu,West,Bedroom_AC_Only,Shade_2,476.19,32.07,0.0,2176.06,501.28,3185.6,508.26
Waingapu,West,Bedroom_AC_Only,SolarWin_1,463.74,31.34,0.0,2176.06,501.28,3172.43,495.08
Waingapu,West,Bedroom_AC_Only,SolarWin_2,414.31,28.02,0.0,2176.06,501.28,3119.67,442.33
Waingapu,West,FullHouse_AC,Baseline,817.29,55.08,0.0,2176.06,501.28,3549.72,872.37
Waingapu,West,FullHouse_AC,CeilingFan_1,335.56,21.88,0.0,2176.06,501.28,3034.79,357.44
Waingapu,West,FullHouse_AC,CeilingFan_2,215.03,13.78,0.0,2176.06,501.28,2906.16,228.81
Waingapu,West,FullHouse_AC,CeilingFan_NoSetback_1,817.29,55.08,0.0,2176.06,501.28,3549.72,872.37
Waingapu,West,FullHouse_AC,CeilingFan_NoSetback_2,817.29,55.08,0.0,2176.06,501.28,3549.72,872.37
Waingapu,West,FullHouse_AC,CoolRoof_1,751.82,50.66,0.0,2176.06,501.28,3479.82,802.48
Waingapu,West,FullHouse_AC,CoolRoof_2,670.09,45.13,0.0,2176.06,501.28,3392.56,715.22
Waingapu,West,FullHouse_AC,CoolWall_1,685.77,46.27,0.0,2176.06,501.28,3409.38,732.04
Waingapu,West,FullHouse_AC,CoolWall_2,532.94,35.96,0.0,2176.06,501.28,3246.25,568.9000000000001
Waingapu,West,FullHouse_AC,HybridNV_OperationSchd_1,738.27,49.59,0.0,2176.06,501.28,3465.2,787.86
Waingapu,West,FullHouse_AC,HybridNV_OperationSchd_2,737.01,49.5,0.0,2176.06,501.28,3463.85,786.51
Waingapu,West,FullHouse_AC,HybridNV_WindowOpen_1,579.19,38.5,0.0,2176.06,501.28,3295.03,617.69
Waingapu,West,FullHouse_AC,HybridNV_WindowOpen_2,577.75,38.4,0.0,2176.06,501.28,3293.5,616.15
Waingapu,West,FullHouse_AC,InsRoof_1,666.34,44.93,0.0,2176.06,501.28,3388.62,711.27
Waingapu,West,FullHouse_AC,InsRoof_2,630.41,42.47,0.0,2176.06,501.28,3350.22,672.88
Waingapu,West,FullHouse_AC,InsWall_1,711.43,47.98,0.0,2176.06,501.28,3436.75,759.41
Waingapu,West,FullHouse_AC,InsWall_2,711.43,47.98,0.0,2176.06,501.28,3436.75,759.41
Waingapu,West,FullHouse_AC,LowEWin_1,682.01,46.04,0.0,2176.06,501.28,3405.4,728.05
Waingapu,West,FullHouse_AC,LowEWin_2,668.59,45.15,0.0,2176.06,501.28,3391.08,713.74
Waingapu,West,FullHouse_AC,Overhang_1,765.6,51.66,0.0,2176.06,501.28,3494.6,817.26
Waingapu,West,FullHouse_AC,Shade_1,874.15,58.4,0.0,2176.06,501.28,3609.9,932.55
Waingapu,West,FullHouse_AC,Shade_2,700.23,47.04,0.0,2176.06,501.28,3424.61,747.27
Waingapu,West,FullHouse_AC,SolarWin_1,673.77,45.44,0.0,2176.06,501.28,3396.55,719.21
Waingapu,West,FullHouse_AC,SolarWin_2,602.18,40.65,0.0,2176.06,501.28,3320.17,642.8299999999999
Waingapu,West,No_AC,Baseline,0.0,0.0,0.0,2176.06,501.28,2677.34,0.0
Waingapu,West,No_AC,CeilingFan_1,0.0,0.0,0.0,2176.06,501.28,2677.34,0.0
Waingapu,West,No_AC,CeilingFan_2,0.0,0.0,0.0,2176.06,501.28,2677.34,0.0
Waingapu,West,No_AC,CeilingFan_NoSetback_1,0.0,0.0,0.0,2176.06,501.28,2677.34,0.0
Waingapu,West,No_AC,CeilingFan_NoSetback_2,0.0,0.0,0.0,2176.06,501.28,2677.34,0.0
Waingapu,West,No_AC,CoolRoof_1,0.0,0.0,0.0,2176.06,501.28,2677.34,0.0
Waingapu,West,No_AC,CoolRoof_2,0.0,0.0,0.0,2176.06,501.28,2677.34,0.0
Waingapu,West,No_AC,CoolWall_1,0.0,0.0,0.0,2176.06,501.28,2677.34,0.0
Waingapu,West,No_AC,CoolWall_2,0.0,0.0,0.0,2176.06,501.28,2677.34,0.0
Waingapu,West,No_AC,HybridNV_OperationSchd_1,0.0,0.0,0.0,2176.06,501.28,2677.34,0.0
Waingapu,West,No_AC,HybridNV_OperationSchd_2,0.0,0.0,0.0,2176.06,501.28,2677.34,0.0
Waingapu,West,No_AC,HybridNV_WindowOpen_1,0.0,0.0,0.0,2176.06,501.28,2677.34,0.0
Waingapu,West,No_AC,HybridNV_WindowOpen_2,0.0,0.0,0.0,2176.06,501.28,2677.34,0.0
Waingapu,West,No_AC,InsRoof_1,0.0,0.0,0.0,2176.06,501.28,2677.34,0.0
Waingapu,West,No_AC,InsRoof_2,0.0,0.0,0.0,2176.06,501.28,2677.34,0.0
Waingapu,West,No_AC,InsWall_1,0.0,0.0,0.0,2176.06,501.28,2677.34,0.0
Waingapu,West,No_AC,InsWall_2,0.0,0.0,0.0,2176.06,501.28,2677.34,0.0
Waingapu,West,No_AC,LowEWin_1,0.0,0.0,0.0,2176.06,501.28,2677.34,0.0
Waingapu,West,No_AC,LowEWin_2,0.0,0.0,0.0,2176.06,501.28,2677.34,0.0
Waingapu,West,No_AC,Overhang_1,0.0,0.0,0.0,2176.06,501.28,2677.34,0.0
Waingapu,West,No_AC,Shade_1,0.0,0.0,0.0,2176.06,501.28,2677.34,0.0
Waingapu,West,No_AC,Shade_2,0.0,0.0,0.0,2176.06,501.28,2677.34,0.0
Waingapu,West,No_AC,SolarWin_1,0.0,0.0,0.0,2176.06,501.28,2677.34,0.0
Waingapu,West,No_AC,SolarWin_2,0.0,0.0,0.0,2176.06,501.28,2677.34,0.0
